{"cameraMode":{"drawMode":0,"name":"Shaded","section":"Shading Mode"},"sceneLighting":false,"audioPlay":false,"sceneViewState":{"showFog":true,"showMaterialUpdate":true,"showSkybox":false,"showFlares":true,"showImageEffects":true,"showParticleSystems":true},"in2DMode":false,"pivot":{"x":7.909999847412109,"y":1.4869999885559083,"z":-13.210000038146973},"rotation":{"x":0.24874401092529298,"y":-0.10767834633588791,"z":0.027677645906805993,"w":0.9624283313751221},"size":22.0,"orthographic":false}