{"cameraMode":{"drawMode":0,"name":"Shaded","section":"Shading Mode"},"sceneLighting":true,"audioPlay":false,"sceneViewState":{"showFog":true,"showMaterialUpdate":true,"showSkybox":true,"showFlares":true,"showImageEffects":true,"showParticleSystems":true},"in2DMode":false,"pivot":{"x":12.09030532836914,"y":2.0281248092651369,"z":-13.296104431152344},"rotation":{"x":-0.11794955283403397,"y":0.14233358204364777,"z":-0.016874518245458604,"w":-0.9828784465789795},"size":23.838809967041017,"orthographic":false}