{"cameraMode":{"drawMode":0,"name":"Shaded","section":"Shading Mode"},"sceneLighting":false,"audioPlay":false,"sceneViewState":{"showFog":true,"showMaterialUpdate":true,"showSkybox":false,"showFlares":true,"showImageEffects":true,"showParticleSystems":true},"in2DMode":false,"pivot":{"x":7.779926300048828,"y":-3.08676815032959,"z":-7.862398147583008},"rotation":{"x":0.24874401092529298,"y":-0.10767834633588791,"z":0.027677645906805993,"w":0.9624283313751221},"size":2.555929183959961,"orthographic":false}