{"cameraMode":{"drawMode":0,"name":"Shaded","section":"Shading Mode"},"sceneLighting":false,"audioPlay":false,"sceneViewState":{"showFog":true,"showMaterialUpdate":true,"showSkybox":false,"showFlares":true,"showImageEffects":true,"showParticleSystems":true},"in2DMode":false,"pivot":{"x":-1.335784912109375,"y":-0.07432502508163452,"z":-1.280764102935791},"rotation":{"x":0.24874401092529298,"y":-0.10767834633588791,"z":0.027677645906805993,"w":0.9624283313751221},"size":5.196921348571777,"orthographic":false}