{"cameraMode":{"drawMode":0,"name":"Shaded","section":"Shading Mode"},"sceneLighting":true,"audioPlay":false,"sceneViewState":{"showFog":true,"showMaterialUpdate":false,"showSkybox":true,"showFlares":true,"showImageEffects":true,"showParticleSystems":true},"in2DMode":false,"pivot":{"x":3.9266433715820314,"y":0.7820358276367188,"z":-0.46170711517333987},"rotation":{"x":0.26378145813941958,"y":-0.5366242527961731,"z":0.18132315576076508,"w":0.7808149456977844},"size":49.37054443359375,"orthographic":false}