{"cameraMode":{"drawMode":0,"name":"Shaded","section":"Shading Mode"},"sceneLighting":true,"audioPlay":false,"sceneViewState":{"showFog":true,"showMaterialUpdate":false,"showSkybox":true,"showFlares":true,"showImageEffects":true,"showParticleSystems":true},"in2DMode":false,"pivot":{"x":12.979999542236329,"y":2.0799999237060549,"z":-9.420000076293946},"rotation":{"x":0.26378145813941958,"y":-0.5366242527961731,"z":0.18132315576076508,"w":0.7808149456977844},"size":2.8578836917877199,"orthographic":false}