{"cameraMode":{"drawMode":0,"name":"Shaded","section":"Shading Mode"},"sceneLighting":true,"audioPlay":false,"sceneViewState":{"showFog":true,"showMaterialUpdate":false,"showSkybox":true,"showFlares":true,"showImageEffects":true,"showParticleSystems":true},"in2DMode":false,"pivot":{"x":10.906999588012696,"y":2.0799999237060549,"z":-11.520000457763672},"rotation":{"x":0.16420477628707887,"y":-0.5325039029121399,"z":0.10619993507862091,"w":0.8236052393913269},"size":8.41269588470459,"orthographic":false}